x_center,y_center
8.58345043189913,47.354739146083006
7.86342180371056,46.684955575150525
8.516557023383108,47.319398450729295
8.465562355965748,47.41880611830567
8.531439060825887,47.40021580743074