x_center,y_center
8.5465143,47.377126